{"name":"Simple PWA Demo","short_name":"PWA Demo","start_url":"/?home=true","display":"standalone","background_color":"#ffffff","theme_color":"#2196f3","orientation":"portrait","icons":[{"src":"icons/manifest-icon-192.maskable.png","sizes":"192x192","type":"image/png","purpose":"any"},{"src":"icons/manifest-icon-192.maskable.png","sizes":"192x192","type":"image/png","purpose":"maskable"},{"src":"icons/manifest-icon-512.maskable.png","sizes":"512x512","type":"image/png","purpose":"any"},{"src":"icons/manifest-icon-512.maskable.png","sizes":"512x512","type":"image/png","purpose":"maskable"}]}